-- 表：sys_department
INSERT INTO sys_department (id, name, description, parent_department_id, order_no, createdAt, updatedAt) VALUES (1, '集团公司', 'Responsible for promoting products or services.', NULL, NULL, '2024-03-30 13:31:12', NULL);
INSERT INTO sys_department (id, name, description, parent_department_id, order_no, createdAt, updatedAt) VALUES (2, '华南公司', 'Responsible for promoting products or services.', NULL, NULL, '2024-03-30 13:31:12', NULL);
INSERT INTO sys_department (id, name, description, parent_department_id, order_no, createdAt, updatedAt) VALUES (3, '华中公司', 'Responsible for promoting products or services.', NULL, NULL, '2024-03-30 13:31:12', NULL);
INSERT INTO sys_department (id, name, description, parent_department_id, order_no, createdAt, updatedAt) VALUES (4, '华北公司', 'Responsible for promoting products or services.', NULL, NULL, '2024-03-30 13:31:12', NULL);
INSERT INTO sys_department (id, name, description, parent_department_id, order_no, createdAt, updatedAt) VALUES (5, '华东公司', 'Responsible for promoting products or services.', NULL, NULL, '2024-03-30 13:31:12', NULL);
INSERT INTO sys_department (id, name, description, parent_department_id, order_no, createdAt, updatedAt) VALUES (6, '西南公司', 'Responsible for promoting products or services.', NULL, NULL, '2024-03-30 13:31:12', NULL);
INSERT INTO sys_department (id, name, description, parent_department_id, order_no, createdAt, updatedAt) VALUES (7, '集团:市场部', 'Responsible for promoting products or services.', 1, NULL, '2024-03-30 13:31:12', NULL);
INSERT INTO sys_department (id, name, description, parent_department_id, order_no, createdAt, updatedAt) VALUES (8, '集团:销售部', 'Responsible for selling products or services.', 1, NULL, '2024-03-30 13:31:12', NULL);
INSERT INTO sys_department (id, name, description, parent_department_id, order_no, createdAt, updatedAt) VALUES (9, '集团:IT部门', 'Responsible for managing technology resources.', 1, NULL, '2024-03-30 13:31:12', NULL);
INSERT INTO sys_department (id, name, description, parent_department_id, order_no, createdAt, updatedAt) VALUES (10, '集团:人力资源部门', 'Responsible for managing employee relations and staffing.', 1, NULL, '2024-03-30 13:31:12', NULL);
INSERT INTO sys_department (id, name, description, parent_department_id, order_no, createdAt, updatedAt) VALUES (11, '集团:产品部', 'Responsible for designing and developing new products.', 1, NULL, '2024-03-30 13:31:12', NULL);
INSERT INTO sys_department (id, name, description, parent_department_id, order_no, createdAt, updatedAt) VALUES (12, '集团:金融部门', 'Responsible for managing financial resources and budgets.', 1, NULL, '2024-03-30 13:31:12', NULL);
INSERT INTO sys_department (id, name, description, parent_department_id, order_no, createdAt, updatedAt) VALUES (13, '华南:市场部', 'Responsible for promoting products or services.', 2, NULL, '2024-03-30 13:31:12', NULL);
INSERT INTO sys_department (id, name, description, parent_department_id, order_no, createdAt, updatedAt) VALUES (14, '华南:销售部', 'Responsible for selling products or services.', 2, NULL, '2024-03-30 13:31:12', NULL);
INSERT INTO sys_department (id, name, description, parent_department_id, order_no, createdAt, updatedAt) VALUES (15, '华南:IT部门', 'Responsible for managing technology resources.', 2, NULL, '2024-03-30 13:31:12', NULL);
INSERT INTO sys_department (id, name, description, parent_department_id, order_no, createdAt, updatedAt) VALUES (16, '华南:人力资源部门', 'Responsible for managing employee relations and staffing.', 2, NULL, '2024-03-30 13:31:12', NULL);
INSERT INTO sys_department (id, name, description, parent_department_id, order_no, createdAt, updatedAt) VALUES (17, '华南:产品部', 'Responsible for designing and developing new products.', 2, NULL, '2024-03-30 13:31:12', NULL);
INSERT INTO sys_department (id, name, description, parent_department_id, order_no, createdAt, updatedAt) VALUES (18, '华南:金融部门', 'Responsible for managing financial resources and budgets.', 2, NULL, '2024-03-30 13:31:12', NULL);
INSERT INTO sys_department (id, name, description, parent_department_id, order_no, createdAt, updatedAt) VALUES (19, '华中:市场部', 'Responsible for promoting products or services.', 3, NULL, '2024-03-30 13:31:12', NULL);
INSERT INTO sys_department (id, name, description, parent_department_id, order_no, createdAt, updatedAt) VALUES (20, '华中:销售部', 'Responsible for selling products or services.', 3, NULL, '2024-03-30 13:31:12', NULL);
INSERT INTO sys_department (id, name, description, parent_department_id, order_no, createdAt, updatedAt) VALUES (21, '华中:IT部门', 'Responsible for managing technology resources.', 3, NULL, '2024-03-30 13:31:12', NULL);
INSERT INTO sys_department (id, name, description, parent_department_id, order_no, createdAt, updatedAt) VALUES (22, '华中:人力资源部门', 'Responsible for managing employee relations and staffing.', 3, NULL, '2024-03-30 13:31:12', NULL);
INSERT INTO sys_department (id, name, description, parent_department_id, order_no, createdAt, updatedAt) VALUES (23, '华中:产品部', 'Responsible for designing and developing new products.', 3, NULL, '2024-03-30 13:31:12', NULL);
INSERT INTO sys_department (id, name, description, parent_department_id, order_no, createdAt, updatedAt) VALUES (24, '华中:金融部门', 'Responsible for managing financial resources and budgets.', 3, NULL, '2024-03-30 13:31:12', NULL);
INSERT INTO sys_department (id, name, description, parent_department_id, order_no, createdAt, updatedAt) VALUES (25, '华北:市场部', 'Responsible for promoting products or services.', 4, NULL, '2024-03-30 13:31:12', NULL);
INSERT INTO sys_department (id, name, description, parent_department_id, order_no, createdAt, updatedAt) VALUES (26, '华北:销售部', 'Responsible for selling products or services.', 4, NULL, '2024-03-30 13:31:12', NULL);
INSERT INTO sys_department (id, name, description, parent_department_id, order_no, createdAt, updatedAt) VALUES (27, '华北:IT部门', 'Responsible for managing technology resources.', 4, NULL, '2024-03-30 13:31:12', NULL);
INSERT INTO sys_department (id, name, description, parent_department_id, order_no, createdAt, updatedAt) VALUES (28, '华北:人力资源部门', 'Responsible for managing employee relations and staffing.', 4, NULL, '2024-03-30 13:31:12', NULL);
INSERT INTO sys_department (id, name, description, parent_department_id, order_no, createdAt, updatedAt) VALUES (29, '华北:产品部', 'Responsible for designing and developing new products.', 4, NULL, '2024-03-30 13:31:12', NULL);
INSERT INTO sys_department (id, name, description, parent_department_id, order_no, createdAt, updatedAt) VALUES (30, '华北:金融部门', 'Responsible for managing financial resources and budgets.', 4, NULL, '2024-03-30 13:31:12', NULL);
INSERT INTO sys_department (id, name, description, parent_department_id, order_no, createdAt, updatedAt) VALUES (31, '华东:市场部', 'Responsible for promoting products or services.', 5, NULL, '2024-03-30 13:31:12', NULL);
INSERT INTO sys_department (id, name, description, parent_department_id, order_no, createdAt, updatedAt) VALUES (32, '华东:销售部', 'Responsible for selling products or services.', 5, NULL, '2024-03-30 13:31:12', NULL);
INSERT INTO sys_department (id, name, description, parent_department_id, order_no, createdAt, updatedAt) VALUES (33, '华东:IT部门', 'Responsible for managing technology resources.', 5, NULL, '2024-03-30 13:31:12', NULL);
INSERT INTO sys_department (id, name, description, parent_department_id, order_no, createdAt, updatedAt) VALUES (34, '华东:人力资源部门', 'Responsible for managing employee relations and staffing.', 5, NULL, '2024-03-30 13:31:12', NULL);
INSERT INTO sys_department (id, name, description, parent_department_id, order_no, createdAt, updatedAt) VALUES (35, '华东:产品部', 'Responsible for designing and developing new products.', 5, NULL, '2024-03-30 13:31:12', NULL);
INSERT INTO sys_department (id, name, description, parent_department_id, order_no, createdAt, updatedAt) VALUES (36, '华东:金融部门', 'Responsible for managing financial resources and budgets.', 5, NULL, '2024-03-30 13:31:12', NULL);
INSERT INTO sys_department (id, name, description, parent_department_id, order_no, createdAt, updatedAt) VALUES (37, '西南:市场部', 'Responsible for promoting products or services.', 6, NULL, '2024-03-30 13:31:12', NULL);
INSERT INTO sys_department (id, name, description, parent_department_id, order_no, createdAt, updatedAt) VALUES (38, '西南:销售部', 'Responsible for selling products or services.', 6, NULL, '2024-03-30 13:31:12', NULL);
INSERT INTO sys_department (id, name, description, parent_department_id, order_no, createdAt, updatedAt) VALUES (39, '西南:IT部门', 'Responsible for managing technology resources.', 6, NULL, '2024-03-30 13:31:12', NULL);
INSERT INTO sys_department (id, name, description, parent_department_id, order_no, createdAt, updatedAt) VALUES (40, '西南:人力资源部门', 'Responsible for managing employee relations and staffing.', 6, NULL, '2024-03-30 13:31:12', NULL);
INSERT INTO sys_department (id, name, description, parent_department_id, order_no, createdAt, updatedAt) VALUES (41, '西南:产品部', 'Responsible for designing and developing new products.', 6, NULL, '2024-03-30 13:31:12', NULL);
INSERT INTO sys_department (id, name, description, parent_department_id, order_no, createdAt, updatedAt) VALUES (42, '西南:金融部门', 'Responsible for managing financial resources and budgets.', 6, NULL, '2024-03-30 13:31:12', NULL);

-- 表：sys_dictionary
INSERT INTO sys_dictionary (id, name, code, description, remark, status, createdAt, updatedAt) VALUES (1, '性别', 'sys:sex', '性别', '性别', 1, '2024-03-30 13:31:12', NULL);
INSERT INTO sys_dictionary (id, name, code, description, remark, status, createdAt, updatedAt) VALUES (2, '状态', 'sex:status', '状态', '状态', 0, '2024-03-30 13:31:12', NULL);

-- 表：sys_dictionary_entry
INSERT INTO sys_dictionary_entry (id, key, value, order_no, status, remark, dictionary_id, createdAt, updatedAt) VALUES (1, '男', '1', 1, 1, '性别', 1, '2024-03-30 13:31:12', NULL);
INSERT INTO sys_dictionary_entry (id, key, value, order_no, status, remark, dictionary_id, createdAt, updatedAt) VALUES (2, '女', '2', 2, 1, '状态', 1, '2024-03-30 13:31:12', NULL);
INSERT INTO sys_dictionary_entry (id, key, value, order_no, status, remark, dictionary_id, createdAt, updatedAt) VALUES (3, '启用', '1', 1, 1, '启用状态', 2, '2024-03-30 13:31:12', NULL);
INSERT INTO sys_dictionary_entry (id, key, value, order_no, status, remark, dictionary_id, createdAt, updatedAt) VALUES (4, '禁用', '0', 2, 1, '禁用状态', 2, '2024-03-30 13:31:12', NULL);

-- 表：sys_loginlog
INSERT INTO sys_loginlog (id, name, ip, address, loginAt, system, browser) VALUES (1, 'admin', '本机地址', '湖南省张家界市', 1711867752135, 'Windows10', 'Chrome123.0.0.0');
INSERT INTO sys_loginlog (id, name, ip, address, loginAt, system, browser) VALUES (2, 'super admin', '本机地址', '湖南省张家界市', 1711867786515, 'Windows10', 'Chrome123.0.0.0');
INSERT INTO sys_loginlog (id, name, ip, address, loginAt, system, browser) VALUES (3, 'admin', '本机地址', '湖南省张家界市', 1711873309072, 'Windows10', 'Chrome123.0.0.0');

-- 表：sys_menu
INSERT INTO sys_menu (id, name, type, description, remark, icon, path, path_file, status, isShow, isCache, permission, isLink, order_no, parent_menu_id, createdAt, updatedAt) VALUES (1, 'menu.dashboard.main', 1, 'dashboard', NULL, 'DashboardOutlined', '/dashboard', '', 1, 1, 0, NULL, 0, 1, NULL, '2024-03-30 13:31:12', NULL);
INSERT INTO sys_menu (id, name, type, description, remark, icon, path, path_file, status, isShow, isCache, permission, isLink, order_no, parent_menu_id, createdAt, updatedAt) VALUES (2, 'menu.demo.main', 1, 'demo', NULL, 'UnorderedListOutlined', '/demo', '', 1, 1, 0, NULL, 0, 2, NULL, '2024-03-30 13:31:12', NULL);
INSERT INTO sys_menu (id, name, type, description, remark, icon, path, path_file, status, isShow, isCache, permission, isLink, order_no, parent_menu_id, createdAt, updatedAt) VALUES (3, 'menu.system.main', 1, 'system', NULL, 'KeyOutlined', '/system', '', 1, 1, 0, NULL, 0, 3, NULL, '2024-03-30 13:31:12', NULL);
INSERT INTO sys_menu (id, name, type, description, remark, icon, path, path_file, status, isShow, isCache, permission, isLink, order_no, parent_menu_id, createdAt, updatedAt) VALUES (4, 'menu.news.main', 1, 'news', NULL, 'FieldTimeOutlined', '/news', '', 1, 1, 0, NULL, 0, 4, NULL, '2024-03-30 13:31:12', NULL);
INSERT INTO sys_menu (id, name, type, description, remark, icon, path, path_file, status, isShow, isCache, permission, isLink, order_no, parent_menu_id, createdAt, updatedAt) VALUES (5, 'menu.blog.main', 1, 'system', NULL, 'BookOutlined', '/blog', '', 1, 1, 0, NULL, 0, 5, NULL, '2024-03-30 13:31:12', NULL);
INSERT INTO sys_menu (id, name, type, description, remark, icon, path, path_file, status, isShow, isCache, permission, isLink, order_no, parent_menu_id, createdAt, updatedAt) VALUES (6, 'menu.about.main', 2, 'about', NULL, 'ExclamationCircleOutlined', '/about', '', 1, 1, 0, NULL, 0, 6, NULL, '2024-03-30 13:31:12', NULL);
INSERT INTO sys_menu (id, name, type, description, remark, icon, path, path_file, status, isShow, isCache, permission, isLink, order_no, parent_menu_id, createdAt, updatedAt) VALUES (7, 'menu.dashboard.workplace', 2, 'dashboard', NULL, '', '/dashboard', '', 1, 1, 0, NULL, 0, 1, 1, '2024-03-30 13:31:12', NULL);
INSERT INTO sys_menu (id, name, type, description, remark, icon, path, path_file, status, isShow, isCache, permission, isLink, order_no, parent_menu_id, createdAt, updatedAt) VALUES (8, 'menu.demo.dashboard.main', 2, 'dashboard', NULL, '', '/demo/dashboard', '', 1, 1, 0, NULL, 0, 1, 2, '2024-03-30 13:31:12', NULL);
INSERT INTO sys_menu (id, name, type, description, remark, icon, path, path_file, status, isShow, isCache, permission, isLink, order_no, parent_menu_id, createdAt, updatedAt) VALUES (9, 'menu.demo.health.main', 1, 'disease', NULL, '', '/demo/health', '', 1, 1, 0, NULL, 0, 2, 2, '2024-03-30 13:31:12', NULL);
INSERT INTO sys_menu (id, name, type, description, remark, icon, path, path_file, status, isShow, isCache, permission, isLink, order_no, parent_menu_id, createdAt, updatedAt) VALUES (10, 'menu.demo.form.main', 1, 'form', NULL, '', '/demo/form', '', 1, 1, 0, NULL, 0, 4, 2, '2024-03-30 13:31:12', NULL);
INSERT INTO sys_menu (id, name, type, description, remark, icon, path, path_file, status, isShow, isCache, permission, isLink, order_no, parent_menu_id, createdAt, updatedAt) VALUES (11, 'menu.demo.list.main', 1, 'list', NULL, '', '/demo/list', '', 1, 1, 0, NULL, 0, 5, 2, '2024-03-30 13:31:12', NULL);
INSERT INTO sys_menu (id, name, type, description, remark, icon, path, path_file, status, isShow, isCache, permission, isLink, order_no, parent_menu_id, createdAt, updatedAt) VALUES (12, 'menu.demo.profile.main', 1, 'profile', NULL, '', '/demo/profile', '', 1, 1, 0, NULL, 0, 5, 2, '2024-03-30 13:31:12', NULL);
INSERT INTO sys_menu (id, name, type, description, remark, icon, path, path_file, status, isShow, isCache, permission, isLink, order_no, parent_menu_id, createdAt, updatedAt) VALUES (13, 'menu.demo.result.main', 1, 'result', NULL, '', '/demo/result', '', 1, 1, 0, NULL, 0, 6, 2, '2024-03-30 13:31:12', NULL);
INSERT INTO sys_menu (id, name, type, description, remark, icon, path, path_file, status, isShow, isCache, permission, isLink, order_no, parent_menu_id, createdAt, updatedAt) VALUES (14, 'menu.demo.exception.main', 1, 'exception', NULL, '', '/demo/exception', '', 1, 1, 0, NULL, 0, 7, 2, '2024-03-30 13:31:12', NULL);
INSERT INTO sys_menu (id, name, type, description, remark, icon, path, path_file, status, isShow, isCache, permission, isLink, order_no, parent_menu_id, createdAt, updatedAt) VALUES (15, 'menu.demo.account.main', 1, 'account', NULL, '', '/demo/account', '', 1, 1, 0, NULL, 0, 8, 2, '2024-03-30 13:31:12', NULL);
INSERT INTO sys_menu (id, name, type, description, remark, icon, path, path_file, status, isShow, isCache, permission, isLink, order_no, parent_menu_id, createdAt, updatedAt) VALUES (16, 'menu.demo.editor.main', 1, 'editor', NULL, '', '/demo/editor', '', 1, 1, 0, NULL, 0, 9, 2, '2024-03-30 13:31:12', NULL);
INSERT INTO sys_menu (id, name, type, description, remark, icon, path, path_file, status, isShow, isCache, permission, isLink, order_no, parent_menu_id, createdAt, updatedAt) VALUES (17, 'menu.demo.excel.main', 1, 'excel', NULL, '', '/demo/excel', '', 1, 1, 0, NULL, 0, 10, 2, '2024-03-30 13:31:12', NULL);
INSERT INTO sys_menu (id, name, type, description, remark, icon, path, path_file, status, isShow, isCache, permission, isLink, order_no, parent_menu_id, createdAt, updatedAt) VALUES (18, 'menu.demo.game.main', 1, 'game', NULL, '', '/demo/game', '', 1, 1, 0, NULL, 0, 11, 2, '2024-03-30 13:31:12', NULL);
INSERT INTO sys_menu (id, name, type, description, remark, icon, path, path_file, status, isShow, isCache, permission, isLink, order_no, parent_menu_id, createdAt, updatedAt) VALUES (19, 'menu.demo.stack.main', 1, 'stack', NULL, '', '/demo/stack', '', 1, 1, 0, NULL, 0, 12, 2, '2024-03-30 13:31:12', NULL);
INSERT INTO sys_menu (id, name, type, description, remark, icon, path, path_file, status, isShow, isCache, permission, isLink, order_no, parent_menu_id, createdAt, updatedAt) VALUES (20, 'menu.demo.calendar.main', 1, 'calendar', NULL, '', '/demo/calendar', '', 1, 1, 0, NULL, 0, 13, 2, '2024-03-30 13:31:12', NULL);
INSERT INTO sys_menu (id, name, type, description, remark, icon, path, path_file, status, isShow, isCache, permission, isLink, order_no, parent_menu_id, createdAt, updatedAt) VALUES (21, 'menu.demo.lib.main', 1, 'lib', NULL, '', '/demo/lib', '', 1, 1, 0, NULL, 0, 14, 2, '2024-03-30 13:31:12', NULL);
INSERT INTO sys_menu (id, name, type, description, remark, icon, path, path_file, status, isShow, isCache, permission, isLink, order_no, parent_menu_id, createdAt, updatedAt) VALUES (22, 'menu.system.user.main', 2, 'menu: user', NULL, '', '/system/user', '', 1, 1, 0, NULL, 0, 1, 3, '2024-03-30 13:31:12', NULL);
INSERT INTO sys_menu (id, name, type, description, remark, icon, path, path_file, status, isShow, isCache, permission, isLink, order_no, parent_menu_id, createdAt, updatedAt) VALUES (23, 'menu.system.role.main', 2, 'menu: role', NULL, '', '/system/role', '', 1, 1, 0, NULL, 0, 2, 3, '2024-03-30 13:31:12', NULL);
INSERT INTO sys_menu (id, name, type, description, remark, icon, path, path_file, status, isShow, isCache, permission, isLink, order_no, parent_menu_id, createdAt, updatedAt) VALUES (24, 'menu.system.menu.main', 2, 'menu: menu', NULL, '', '/system/menu', '', 1, 1, 0, NULL, 0, 3, 3, '2024-03-30 13:31:12', NULL);
INSERT INTO sys_menu (id, name, type, description, remark, icon, path, path_file, status, isShow, isCache, permission, isLink, order_no, parent_menu_id, createdAt, updatedAt) VALUES (25, 'menu.system.dept.main', 2, 'menu: dept', NULL, '', '/system/dept', '', 1, 1, 0, NULL, 0, 4, 3, '2024-03-30 13:31:12', NULL);
INSERT INTO sys_menu (id, name, type, description, remark, icon, path, path_file, status, isShow, isCache, permission, isLink, order_no, parent_menu_id, createdAt, updatedAt) VALUES (26, 'menu.system.dict', 2, 'menu: dict', NULL, '', '/system/dict', '', 1, 1, 0, NULL, 0, 6, 3, '2024-03-30 13:31:12', NULL);
INSERT INTO sys_menu (id, name, type, description, remark, icon, path, path_file, status, isShow, isCache, permission, isLink, order_no, parent_menu_id, createdAt, updatedAt) VALUES (27, 'menu.system.config', 2, 'menu: config', NULL, '', '/system/config', '', 1, 1, 0, NULL, 0, 7, 3, '2024-03-30 13:31:12', NULL);
INSERT INTO sys_menu (id, name, type, description, remark, icon, path, path_file, status, isShow, isCache, permission, isLink, order_no, parent_menu_id, createdAt, updatedAt) VALUES (28, 'menu.system.monitor.main', 2, 'menu: monitor', NULL, '', '/system/monitor', '', 1, 1, 0, NULL, 0, 11, 3, '2024-03-30 13:31:12', NULL);
INSERT INTO sys_menu (id, name, type, description, remark, icon, path, path_file, status, isShow, isCache, permission, isLink, order_no, parent_menu_id, createdAt, updatedAt) VALUES (29, 'menu.demo.dashboard.analysis', 2, 'menu: analysis', NULL, '', '/demo/dashboard/analysis', '', 1, 1, 0, NULL, 0, 1, 8, '2024-03-30 13:31:12', NULL);
INSERT INTO sys_menu (id, name, type, description, remark, icon, path, path_file, status, isShow, isCache, permission, isLink, order_no, parent_menu_id, createdAt, updatedAt) VALUES (30, 'menu.demo.dashboard.monitor', 2, 'menu: monitor', NULL, '', '/demo/dashboard/monitor', '', 1, 1, 0, NULL, 0, 2, 8, '2024-03-30 13:31:12', NULL);
INSERT INTO sys_menu (id, name, type, description, remark, icon, path, path_file, status, isShow, isCache, permission, isLink, order_no, parent_menu_id, createdAt, updatedAt) VALUES (31, 'menu.demo.dashboard.workplace', 2, 'menu: workplace', NULL, '', '/demo/dashboard/workplace', '', 1, 1, 0, NULL, 0, 3, 8, '2024-03-30 13:31:12', NULL);
INSERT INTO sys_menu (id, name, type, description, remark, icon, path, path_file, status, isShow, isCache, permission, isLink, order_no, parent_menu_id, createdAt, updatedAt) VALUES (32, 'menu.demo.health.health', 2, 'menu: health', NULL, '', '/demo/health/health', '', 1, 1, 0, NULL, 0, 1, 9, '2024-03-30 13:31:12', NULL);
INSERT INTO sys_menu (id, name, type, description, remark, icon, path, path_file, status, isShow, isCache, permission, isLink, order_no, parent_menu_id, createdAt, updatedAt) VALUES (33, 'menu.demo.health.cervical', 2, 'menu: cervical-vertebra', NULL, '', '/demo/health/cerical-vertebra', '', 1, 1, 0, NULL, 0, 2, 9, '2024-03-30 13:31:12', NULL);
INSERT INTO sys_menu (id, name, type, description, remark, icon, path, path_file, status, isShow, isCache, permission, isLink, order_no, parent_menu_id, createdAt, updatedAt) VALUES (34, 'menu.demo.health.vision', 2, 'menu: vision', NULL, '', '/demo/health/vision', '', 1, 1, 0, NULL, 0, 3, 9, '2024-03-30 13:31:12', NULL);
INSERT INTO sys_menu (id, name, type, description, remark, icon, path, path_file, status, isShow, isCache, permission, isLink, order_no, parent_menu_id, createdAt, updatedAt) VALUES (35, 'menu.demo.health.hand', 2, 'menu: hand', NULL, '', '/demo/health/hand', '', 1, 1, 0, NULL, 0, 4, 9, '2024-03-30 13:31:12', NULL);
INSERT INTO sys_menu (id, name, type, description, remark, icon, path, path_file, status, isShow, isCache, permission, isLink, order_no, parent_menu_id, createdAt, updatedAt) VALUES (36, 'menu.demo.health.obesity', 2, 'menu: obesity', NULL, '', '/demo/health/obesity', '', 1, 1, 0, NULL, 0, 5, 9, '2024-03-30 13:31:12', NULL);
INSERT INTO sys_menu (id, name, type, description, remark, icon, path, path_file, status, isShow, isCache, permission, isLink, order_no, parent_menu_id, createdAt, updatedAt) VALUES (37, 'menu.demo.health.anxiety', 2, 'menu: anxiety-depression', NULL, '', '/demo/health/anxiety-depression', '', 1, 1, 0, NULL, 0, 6, 9, '2024-03-30 13:31:12', NULL);
INSERT INTO sys_menu (id, name, type, description, remark, icon, path, path_file, status, isShow, isCache, permission, isLink, order_no, parent_menu_id, createdAt, updatedAt) VALUES (38, 'menu.demo.health.sleep', 2, 'menu: sleep', NULL, '', '/demo/health/sleep', '', 1, 1, 0, NULL, 0, 7, 9, '2024-03-30 13:31:12', NULL);
INSERT INTO sys_menu (id, name, type, description, remark, icon, path, path_file, status, isShow, isCache, permission, isLink, order_no, parent_menu_id, createdAt, updatedAt) VALUES (39, 'menu.demo.health.sport', 2, 'menu: sport', NULL, '', '/demo/health/sport', '', 1, 1, 0, NULL, 0, 8, 9, '2024-03-30 13:31:12', NULL);
INSERT INTO sys_menu (id, name, type, description, remark, icon, path, path_file, status, isShow, isCache, permission, isLink, order_no, parent_menu_id, createdAt, updatedAt) VALUES (40, 'menu.demo.form.basic-form', 2, 'menu: basic-form', NULL, '', '/demo/form/basic-form', '', 1, 1, 0, NULL, 0, 1, 10, '2024-03-30 13:31:12', NULL);
INSERT INTO sys_menu (id, name, type, description, remark, icon, path, path_file, status, isShow, isCache, permission, isLink, order_no, parent_menu_id, createdAt, updatedAt) VALUES (41, 'menu.demo.form.step-form', 2, 'menu: step-form', NULL, '', '/demo/form/step-form', '', 1, 1, 0, NULL, 0, 2, 10, '2024-03-30 13:31:12', NULL);
INSERT INTO sys_menu (id, name, type, description, remark, icon, path, path_file, status, isShow, isCache, permission, isLink, order_no, parent_menu_id, createdAt, updatedAt) VALUES (42, 'menu.demo.form.advanced-form', 2, 'menu: advanced-form', NULL, '', '/demo/form/advanced-form', '', 1, 1, 0, NULL, 0, 3, 10, '2024-03-30 13:31:12', NULL);
INSERT INTO sys_menu (id, name, type, description, remark, icon, path, path_file, status, isShow, isCache, permission, isLink, order_no, parent_menu_id, createdAt, updatedAt) VALUES (43, 'menu.demo.list.search.main', 2, 'menu: search', NULL, '', '/demo/list/search', '', 1, 1, 0, NULL, 0, 1, 11, '2024-03-30 13:31:12', NULL);
INSERT INTO sys_menu (id, name, type, description, remark, icon, path, path_file, status, isShow, isCache, permission, isLink, order_no, parent_menu_id, createdAt, updatedAt) VALUES (44, 'menu.demo.list.table-list', 2, 'menu: table-list', NULL, '', '/demo/list/table-list', '', 1, 1, 0, NULL, 0, 2, 11, '2024-03-30 13:31:12', NULL);
INSERT INTO sys_menu (id, name, type, description, remark, icon, path, path_file, status, isShow, isCache, permission, isLink, order_no, parent_menu_id, createdAt, updatedAt) VALUES (45, 'menu.demo.list.basic-list', 2, 'menu: basic-list', NULL, '', '/demo/list/basic-list', '', 1, 1, 0, NULL, 0, 3, 11, '2024-03-30 13:31:12', NULL);
INSERT INTO sys_menu (id, name, type, description, remark, icon, path, path_file, status, isShow, isCache, permission, isLink, order_no, parent_menu_id, createdAt, updatedAt) VALUES (46, 'menu.demo.list.card-list', 2, 'menu: card-list', NULL, '', '/demo/list/card-list', '', 1, 1, 0, NULL, 0, 4, 11, '2024-03-30 13:31:12', NULL);
INSERT INTO sys_menu (id, name, type, description, remark, icon, path, path_file, status, isShow, isCache, permission, isLink, order_no, parent_menu_id, createdAt, updatedAt) VALUES (47, 'menu.demo.profile.basic', 2, 'menu: basic', NULL, '', '/demo/profile/basic', '', 1, 1, 0, NULL, 0, 1, 12, '2024-03-30 13:31:12', NULL);
INSERT INTO sys_menu (id, name, type, description, remark, icon, path, path_file, status, isShow, isCache, permission, isLink, order_no, parent_menu_id, createdAt, updatedAt) VALUES (48, 'menu.demo.profile.advanced', 2, 'menu: advanced', NULL, '', '/demo/profile/advanced', '', 1, 1, 0, NULL, 0, 2, 12, '2024-03-30 13:31:12', NULL);
INSERT INTO sys_menu (id, name, type, description, remark, icon, path, path_file, status, isShow, isCache, permission, isLink, order_no, parent_menu_id, createdAt, updatedAt) VALUES (49, 'menu.demo.result.success', 2, 'menu: success', NULL, '', '/demo/result/success', '', 1, 1, 0, NULL, 0, 1, 13, '2024-03-30 13:31:12', NULL);
INSERT INTO sys_menu (id, name, type, description, remark, icon, path, path_file, status, isShow, isCache, permission, isLink, order_no, parent_menu_id, createdAt, updatedAt) VALUES (50, 'menu.demo.result.fail', 2, 'menu: fail', NULL, '', '/demo/result/fail', '', 1, 1, 0, NULL, 0, 2, 13, '2024-03-30 13:31:12', NULL);
INSERT INTO sys_menu (id, name, type, description, remark, icon, path, path_file, status, isShow, isCache, permission, isLink, order_no, parent_menu_id, createdAt, updatedAt) VALUES (51, 'menu.demo.exception.403', 2, 'menu: 403', NULL, '', '/demo/exception/403', '', 1, 1, 0, NULL, 0, 1, 14, '2024-03-30 13:31:12', NULL);
INSERT INTO sys_menu (id, name, type, description, remark, icon, path, path_file, status, isShow, isCache, permission, isLink, order_no, parent_menu_id, createdAt, updatedAt) VALUES (52, 'menu.demo.exception.404', 2, 'menu: 404', NULL, '', '/demo/exception/404', '', 1, 1, 0, NULL, 0, 2, 14, '2024-03-30 13:31:12', NULL);
INSERT INTO sys_menu (id, name, type, description, remark, icon, path, path_file, status, isShow, isCache, permission, isLink, order_no, parent_menu_id, createdAt, updatedAt) VALUES (53, 'menu.demo.exception.500', 2, 'menu: 500', NULL, '', '/demo/exception/500', '', 1, 1, 0, NULL, 0, 3, 14, '2024-03-30 13:31:12', NULL);
INSERT INTO sys_menu (id, name, type, description, remark, icon, path, path_file, status, isShow, isCache, permission, isLink, order_no, parent_menu_id, createdAt, updatedAt) VALUES (54, 'menu.demo.account.center', 2, 'menu: center', NULL, '', '/demo/account/center', '', 1, 1, 0, NULL, 0, 1, 15, '2024-03-30 13:31:12', NULL);
INSERT INTO sys_menu (id, name, type, description, remark, icon, path, path_file, status, isShow, isCache, permission, isLink, order_no, parent_menu_id, createdAt, updatedAt) VALUES (55, 'menu.demo.account.settings', 2, 'menu: settings', NULL, '', '/demo/account/settings', '', 1, 1, 0, NULL, 0, 2, 15, '2024-03-30 13:31:12', NULL);
INSERT INTO sys_menu (id, name, type, description, remark, icon, path, path_file, status, isShow, isCache, permission, isLink, order_no, parent_menu_id, createdAt, updatedAt) VALUES (56, 'menu.demo.editor.rich', 2, 'menu: rich', NULL, '', '/demo/editor/rich', '', 1, 1, 0, NULL, 0, 1, 16, '2024-03-30 13:31:12', NULL);
INSERT INTO sys_menu (id, name, type, description, remark, icon, path, path_file, status, isShow, isCache, permission, isLink, order_no, parent_menu_id, createdAt, updatedAt) VALUES (57, 'menu.demo.editor.markdown', 2, 'menu: markdown', NULL, '', '/demo/editor/markdown', '', 1, 1, 0, NULL, 0, 2, 16, '2024-03-30 13:31:12', NULL);
INSERT INTO sys_menu (id, name, type, description, remark, icon, path, path_file, status, isShow, isCache, permission, isLink, order_no, parent_menu_id, createdAt, updatedAt) VALUES (58, 'menu.demo.editor.json-viewer', 2, 'menu: json-viewer', NULL, '', '/demo/editor/json-viewer', '', 1, 1, 0, NULL, 0, 3, 16, '2024-03-30 13:31:12', NULL);
INSERT INTO sys_menu (id, name, type, description, remark, icon, path, path_file, status, isShow, isCache, permission, isLink, order_no, parent_menu_id, createdAt, updatedAt) VALUES (59, 'menu.demo.editor.flow', 2, 'menu: flow', NULL, '', '/demo/editor/flow', '', 1, 1, 0, NULL, 0, 4, 16, '2024-03-30 13:31:12', NULL);
INSERT INTO sys_menu (id, name, type, description, remark, icon, path, path_file, status, isShow, isCache, permission, isLink, order_no, parent_menu_id, createdAt, updatedAt) VALUES (60, 'menu.demo.editor.mind', 2, 'menu: mind', NULL, '', '/demo/editor/mind', '', 1, 1, 0, NULL, 0, 5, 16, '2024-03-30 13:31:12', NULL);
INSERT INTO sys_menu (id, name, type, description, remark, icon, path, path_file, status, isShow, isCache, permission, isLink, order_no, parent_menu_id, createdAt, updatedAt) VALUES (61, 'menu.demo.excel.export', 2, 'menu: export', NULL, '', '/demo/excel/export', '', 1, 1, 0, NULL, 0, 1, 17, '2024-03-30 13:31:12', NULL);
INSERT INTO sys_menu (id, name, type, description, remark, icon, path, path_file, status, isShow, isCache, permission, isLink, order_no, parent_menu_id, createdAt, updatedAt) VALUES (62, 'menu.demo.excel.import', 2, 'menu: import', NULL, '', '/demo/excel/import', '', 1, 1, 0, NULL, 0, 2, 17, '2024-03-30 13:31:12', NULL);
INSERT INTO sys_menu (id, name, type, description, remark, icon, path, path_file, status, isShow, isCache, permission, isLink, order_no, parent_menu_id, createdAt, updatedAt) VALUES (63, 'menu.demo.game.pocker-guess', 2, 'menu: pocker-guess', NULL, '', '/demo/game/pocker-guess', '', 1, 1, 0, NULL, 0, 1, 18, '2024-03-30 13:31:12', NULL);
INSERT INTO sys_menu (id, name, type, description, remark, icon, path, path_file, status, isShow, isCache, permission, isLink, order_no, parent_menu_id, createdAt, updatedAt) VALUES (64, 'menu.demo.game.rl', 2, 'menu: rl', NULL, '', '/demo/game/rl', '', 1, 1, 0, NULL, 0, 2, 18, '2024-03-30 13:31:12', NULL);
INSERT INTO sys_menu (id, name, type, description, remark, icon, path, path_file, status, isShow, isCache, permission, isLink, order_no, parent_menu_id, createdAt, updatedAt) VALUES (65, 'menu.demo.game.trbl', 2, 'menu: trbl', NULL, '', '/demo/game/trbl', '', 1, 1, 0, NULL, 0, 3, 18, '2024-03-30 13:31:12', NULL);
INSERT INTO sys_menu (id, name, type, description, remark, icon, path, path_file, status, isShow, isCache, permission, isLink, order_no, parent_menu_id, createdAt, updatedAt) VALUES (66, 'menu.demo.game.mouse', 2, 'menu: mouse', NULL, '', '/demo/game/mouse', '', 1, 1, 0, NULL, 0, 4, 18, '2024-03-30 13:31:12', NULL);
INSERT INTO sys_menu (id, name, type, description, remark, icon, path, path_file, status, isShow, isCache, permission, isLink, order_no, parent_menu_id, createdAt, updatedAt) VALUES (67, 'menu.demo.stack.rxjs.main', 2, 'menu: rxjs/keybr', NULL, '', '/demo/stack/rxjs/keybr', '', 1, 1, 0, NULL, 0, 1, 19, '2024-03-30 13:31:12', NULL);
INSERT INTO sys_menu (id, name, type, description, remark, icon, path, path_file, status, isShow, isCache, permission, isLink, order_no, parent_menu_id, createdAt, updatedAt) VALUES (68, 'menu.demo.stack.laxjs.main', 2, 'menu: laxjs/cursor', NULL, '', '/demo/stack/laxjs/cursor', '', 1, 1, 0, NULL, 0, 3, 19, '2024-03-30 13:31:12', NULL);
INSERT INTO sys_menu (id, name, type, description, remark, icon, path, path_file, status, isShow, isCache, permission, isLink, order_no, parent_menu_id, createdAt, updatedAt) VALUES (69, 'menu.demo.calendar.temporal', 2, 'menu: temporal', NULL, '', '/demo/calendar/temporal', '', 1, 1, 0, NULL, 0, 1, 20, '2024-03-30 13:31:12', NULL);
INSERT INTO sys_menu (id, name, type, description, remark, icon, path, path_file, status, isShow, isCache, permission, isLink, order_no, parent_menu_id, createdAt, updatedAt) VALUES (70, 'menu.demo.calendar.antd', 2, 'menu: antd', NULL, '', '/demo/calendar/antd', '', 1, 1, 0, NULL, 0, 2, 20, '2024-03-30 13:31:12', NULL);
INSERT INTO sys_menu (id, name, type, description, remark, icon, path, path_file, status, isShow, isCache, permission, isLink, order_no, parent_menu_id, createdAt, updatedAt) VALUES (71, 'menu.demo.lib.qrcode', 2, 'menu: qrcode', NULL, '', '/demo/lib/qrcode', '', 1, 1, 0, NULL, 0, 1, 21, '2024-03-30 13:31:12', NULL);
INSERT INTO sys_menu (id, name, type, description, remark, icon, path, path_file, status, isShow, isCache, permission, isLink, order_no, parent_menu_id, createdAt, updatedAt) VALUES (72, 'menu.demo.lib.clipboard', 2, 'menu: clipboard', NULL, '', '/demo/lib/clipboard', '', 1, 1, 0, NULL, 0, 2, 21, '2024-03-30 13:31:12', NULL);
INSERT INTO sys_menu (id, name, type, description, remark, icon, path, path_file, status, isShow, isCache, permission, isLink, order_no, parent_menu_id, createdAt, updatedAt) VALUES (73, 'menu.demo.lib.split', 2, 'menu: split', NULL, '', '/demo/lib/split-pane', '', 1, 1, 0, NULL, 0, 3, 21, '2024-03-30 13:31:12', NULL);
INSERT INTO sys_menu (id, name, type, description, remark, icon, path, path_file, status, isShow, isCache, permission, isLink, order_no, parent_menu_id, createdAt, updatedAt) VALUES (74, 'menu.demo.lib.antd-icon', 2, 'menu: antd-icon', NULL, '', '/demo/lib/icons', '', 1, 1, 0, NULL, 0, 4, 21, '2024-03-30 13:31:12', NULL);
INSERT INTO sys_menu (id, name, type, description, remark, icon, path, path_file, status, isShow, isCache, permission, isLink, order_no, parent_menu_id, createdAt, updatedAt) VALUES (75, 'menu.system.monitor.login-log', 2, 'menu: monitor-login-log', NULL, '', '/system/monitor/login-log', '', 1, 1, 0, NULL, 0, 11, 28, '2024-03-30 13:31:12', NULL);
INSERT INTO sys_menu (id, name, type, description, remark, icon, path, path_file, status, isShow, isCache, permission, isLink, order_no, parent_menu_id, createdAt, updatedAt) VALUES (76, 'menu.system.monitor.serve', 2, 'menu: monitor-serve', NULL, 'montor', '/system/monitor/serve', '', 1, 1, 0, NULL, 0, 11, 28, '2024-03-30 13:31:12', NULL);
INSERT INTO sys_menu (id, name, type, description, remark, icon, path, path_file, status, isShow, isCache, permission, isLink, order_no, parent_menu_id, createdAt, updatedAt) VALUES (77, 'menu.demo.stack.rxjs.keybr', 2, 'menu: rxjs/keybr', NULL, '', '/demo/stack/rxjs/keybr', '', 1, 1, 0, NULL, 0, 1, 67, '2024-03-30 13:31:12', NULL);
INSERT INTO sys_menu (id, name, type, description, remark, icon, path, path_file, status, isShow, isCache, permission, isLink, order_no, parent_menu_id, createdAt, updatedAt) VALUES (78, 'menu.demo.stack.rxjs.count-down', 2, 'menu: rxjs/count-down', NULL, '', '/demo/stack/rxjs/count-down', '', 1, 1, 0, NULL, 0, 2, 67, '2024-03-30 13:31:12', NULL);
INSERT INTO sys_menu (id, name, type, description, remark, icon, path, path_file, status, isShow, isCache, permission, isLink, order_no, parent_menu_id, createdAt, updatedAt) VALUES (79, 'menu.demo.stack.laxjs.cursor', 2, 'menu: laxjs/cursor', NULL, '', '/demo/stack/laxjs/cursor', '', 1, 1, 0, NULL, 0, 3, 68, '2024-03-30 13:31:12', NULL);
INSERT INTO sys_menu (id, name, type, description, remark, icon, path, path_file, status, isShow, isCache, permission, isLink, order_no, parent_menu_id, createdAt, updatedAt) VALUES (80, 'menu.demo.list.search.articles', 2, 'menu: articles', NULL, '', '/demo/list/search/articles', '', 1, 1, 0, NULL, 0, 1, 43, '2024-03-30 13:31:12', NULL);
INSERT INTO sys_menu (id, name, type, description, remark, icon, path, path_file, status, isShow, isCache, permission, isLink, order_no, parent_menu_id, createdAt, updatedAt) VALUES (81, 'menu.demo.list.search.projects', 2, 'menu: projects', NULL, '', '/demo/list/search/projects', '', 1, 1, 0, NULL, 0, 1, 43, '2024-03-30 13:31:12', NULL);
INSERT INTO sys_menu (id, name, type, description, remark, icon, path, path_file, status, isShow, isCache, permission, isLink, order_no, parent_menu_id, createdAt, updatedAt) VALUES (82, 'menu.demo.list.search.applications', 2, 'menu: applications', NULL, '', '/demo/list/search/applications', '', 1, 1, 0, NULL, 0, 1, 43, '2024-03-30 13:31:12', NULL);
INSERT INTO sys_menu (id, name, type, description, remark, icon, path, path_file, status, isShow, isCache, permission, isLink, order_no, parent_menu_id, createdAt, updatedAt) VALUES (83, '项目仓库(外链)', 2, '项目仓库', NULL, 'LinkOutlined', 'https://github.com/yyong008/remix-antd-admin', '', 1, 1, 0, NULL, 1, 11, NULL, '2024-03-30 13:31:12', NULL);
INSERT INTO sys_menu (id, name, type, description, remark, icon, path, path_file, status, isShow, isCache, permission, isLink, order_no, parent_menu_id, createdAt, updatedAt) VALUES (84, 'list', 3, '菜单权限', NULL, '', '', '', 1, 1, 0, NULL, 1, 11, 24, '2024-03-30 13:31:12', NULL);

-- 表：sys_menu_role
INSERT INTO sys_menu_role (id, role_id, menu_id, createdAt, updatedAt) VALUES (1, 1, 1, '2024-03-30 13:31:12', NULL);
INSERT INTO sys_menu_role (id, role_id, menu_id, createdAt, updatedAt) VALUES (2, 1, 2, '2024-03-30 13:31:12', NULL);
INSERT INTO sys_menu_role (id, role_id, menu_id, createdAt, updatedAt) VALUES (3, 1, 3, '2024-03-30 13:31:12', NULL);
INSERT INTO sys_menu_role (id, role_id, menu_id, createdAt, updatedAt) VALUES (4, 1, 4, '2024-03-30 13:31:12', NULL);
INSERT INTO sys_menu_role (id, role_id, menu_id, createdAt, updatedAt) VALUES (5, 1, 5, '2024-03-30 13:31:12', NULL);
INSERT INTO sys_menu_role (id, role_id, menu_id, createdAt, updatedAt) VALUES (6, 1, 6, '2024-03-30 13:31:12', NULL);
INSERT INTO sys_menu_role (id, role_id, menu_id, createdAt, updatedAt) VALUES (7, 1, 7, '2024-03-30 13:31:12', NULL);
INSERT INTO sys_menu_role (id, role_id, menu_id, createdAt, updatedAt) VALUES (8, 1, 8, '2024-03-30 13:31:12', NULL);
INSERT INTO sys_menu_role (id, role_id, menu_id, createdAt, updatedAt) VALUES (9, 1, 9, '2024-03-30 13:31:12', NULL);
INSERT INTO sys_menu_role (id, role_id, menu_id, createdAt, updatedAt) VALUES (10, 1, 10, '2024-03-30 13:31:12', NULL);
INSERT INTO sys_menu_role (id, role_id, menu_id, createdAt, updatedAt) VALUES (11, 1, 11, '2024-03-30 13:31:12', NULL);
INSERT INTO sys_menu_role (id, role_id, menu_id, createdAt, updatedAt) VALUES (12, 1, 12, '2024-03-30 13:31:12', NULL);
INSERT INTO sys_menu_role (id, role_id, menu_id, createdAt, updatedAt) VALUES (13, 1, 13, '2024-03-30 13:31:12', NULL);
INSERT INTO sys_menu_role (id, role_id, menu_id, createdAt, updatedAt) VALUES (14, 1, 14, '2024-03-30 13:31:12', NULL);
INSERT INTO sys_menu_role (id, role_id, menu_id, createdAt, updatedAt) VALUES (15, 1, 15, '2024-03-30 13:31:12', NULL);
INSERT INTO sys_menu_role (id, role_id, menu_id, createdAt, updatedAt) VALUES (16, 1, 16, '2024-03-30 13:31:12', NULL);
INSERT INTO sys_menu_role (id, role_id, menu_id, createdAt, updatedAt) VALUES (17, 1, 17, '2024-03-30 13:31:12', NULL);
INSERT INTO sys_menu_role (id, role_id, menu_id, createdAt, updatedAt) VALUES (18, 1, 18, '2024-03-30 13:31:12', NULL);
INSERT INTO sys_menu_role (id, role_id, menu_id, createdAt, updatedAt) VALUES (19, 1, 19, '2024-03-30 13:31:12', NULL);
INSERT INTO sys_menu_role (id, role_id, menu_id, createdAt, updatedAt) VALUES (20, 1, 20, '2024-03-30 13:31:12', NULL);
INSERT INTO sys_menu_role (id, role_id, menu_id, createdAt, updatedAt) VALUES (21, 1, 21, '2024-03-30 13:31:12', NULL);
INSERT INTO sys_menu_role (id, role_id, menu_id, createdAt, updatedAt) VALUES (22, 1, 22, '2024-03-30 13:31:12', NULL);
INSERT INTO sys_menu_role (id, role_id, menu_id, createdAt, updatedAt) VALUES (23, 1, 23, '2024-03-30 13:31:12', NULL);
INSERT INTO sys_menu_role (id, role_id, menu_id, createdAt, updatedAt) VALUES (24, 1, 24, '2024-03-30 13:31:12', NULL);
INSERT INTO sys_menu_role (id, role_id, menu_id, createdAt, updatedAt) VALUES (25, 1, 25, '2024-03-30 13:31:12', NULL);
INSERT INTO sys_menu_role (id, role_id, menu_id, createdAt, updatedAt) VALUES (26, 1, 26, '2024-03-30 13:31:12', NULL);
INSERT INTO sys_menu_role (id, role_id, menu_id, createdAt, updatedAt) VALUES (27, 1, 27, '2024-03-30 13:31:12', NULL);
INSERT INTO sys_menu_role (id, role_id, menu_id, createdAt, updatedAt) VALUES (28, 1, 28, '2024-03-30 13:31:12', NULL);
INSERT INTO sys_menu_role (id, role_id, menu_id, createdAt, updatedAt) VALUES (29, 1, 29, '2024-03-30 13:31:12', NULL);
INSERT INTO sys_menu_role (id, role_id, menu_id, createdAt, updatedAt) VALUES (30, 1, 30, '2024-03-30 13:31:12', NULL);
INSERT INTO sys_menu_role (id, role_id, menu_id, createdAt, updatedAt) VALUES (31, 1, 31, '2024-03-30 13:31:12', NULL);
INSERT INTO sys_menu_role (id, role_id, menu_id, createdAt, updatedAt) VALUES (32, 1, 32, '2024-03-30 13:31:12', NULL);
INSERT INTO sys_menu_role (id, role_id, menu_id, createdAt, updatedAt) VALUES (33, 1, 33, '2024-03-30 13:31:12', NULL);
INSERT INTO sys_menu_role (id, role_id, menu_id, createdAt, updatedAt) VALUES (34, 1, 34, '2024-03-30 13:31:12', NULL);
INSERT INTO sys_menu_role (id, role_id, menu_id, createdAt, updatedAt) VALUES (35, 1, 35, '2024-03-30 13:31:12', NULL);
INSERT INTO sys_menu_role (id, role_id, menu_id, createdAt, updatedAt) VALUES (36, 1, 36, '2024-03-30 13:31:12', NULL);
INSERT INTO sys_menu_role (id, role_id, menu_id, createdAt, updatedAt) VALUES (37, 1, 37, '2024-03-30 13:31:12', NULL);
INSERT INTO sys_menu_role (id, role_id, menu_id, createdAt, updatedAt) VALUES (38, 1, 38, '2024-03-30 13:31:12', NULL);
INSERT INTO sys_menu_role (id, role_id, menu_id, createdAt, updatedAt) VALUES (39, 1, 39, '2024-03-30 13:31:12', NULL);
INSERT INTO sys_menu_role (id, role_id, menu_id, createdAt, updatedAt) VALUES (40, 1, 40, '2024-03-30 13:31:12', NULL);
INSERT INTO sys_menu_role (id, role_id, menu_id, createdAt, updatedAt) VALUES (41, 1, 41, '2024-03-30 13:31:12', NULL);
INSERT INTO sys_menu_role (id, role_id, menu_id, createdAt, updatedAt) VALUES (42, 1, 42, '2024-03-30 13:31:12', NULL);
INSERT INTO sys_menu_role (id, role_id, menu_id, createdAt, updatedAt) VALUES (43, 1, 43, '2024-03-30 13:31:12', NULL);
INSERT INTO sys_menu_role (id, role_id, menu_id, createdAt, updatedAt) VALUES (44, 1, 44, '2024-03-30 13:31:12', NULL);
INSERT INTO sys_menu_role (id, role_id, menu_id, createdAt, updatedAt) VALUES (45, 1, 45, '2024-03-30 13:31:12', NULL);
INSERT INTO sys_menu_role (id, role_id, menu_id, createdAt, updatedAt) VALUES (46, 1, 46, '2024-03-30 13:31:12', NULL);
INSERT INTO sys_menu_role (id, role_id, menu_id, createdAt, updatedAt) VALUES (47, 1, 47, '2024-03-30 13:31:12', NULL);
INSERT INTO sys_menu_role (id, role_id, menu_id, createdAt, updatedAt) VALUES (48, 1, 48, '2024-03-30 13:31:12', NULL);
INSERT INTO sys_menu_role (id, role_id, menu_id, createdAt, updatedAt) VALUES (49, 1, 49, '2024-03-30 13:31:12', NULL);
INSERT INTO sys_menu_role (id, role_id, menu_id, createdAt, updatedAt) VALUES (50, 1, 50, '2024-03-30 13:31:12', NULL);
INSERT INTO sys_menu_role (id, role_id, menu_id, createdAt, updatedAt) VALUES (51, 1, 51, '2024-03-30 13:31:12', NULL);
INSERT INTO sys_menu_role (id, role_id, menu_id, createdAt, updatedAt) VALUES (52, 1, 52, '2024-03-30 13:31:12', NULL);
INSERT INTO sys_menu_role (id, role_id, menu_id, createdAt, updatedAt) VALUES (53, 1, 53, '2024-03-30 13:31:12', NULL);
INSERT INTO sys_menu_role (id, role_id, menu_id, createdAt, updatedAt) VALUES (54, 1, 54, '2024-03-30 13:31:12', NULL);
INSERT INTO sys_menu_role (id, role_id, menu_id, createdAt, updatedAt) VALUES (55, 1, 55, '2024-03-30 13:31:12', NULL);
INSERT INTO sys_menu_role (id, role_id, menu_id, createdAt, updatedAt) VALUES (56, 1, 56, '2024-03-30 13:31:12', NULL);
INSERT INTO sys_menu_role (id, role_id, menu_id, createdAt, updatedAt) VALUES (57, 1, 57, '2024-03-30 13:31:12', NULL);
INSERT INTO sys_menu_role (id, role_id, menu_id, createdAt, updatedAt) VALUES (58, 1, 58, '2024-03-30 13:31:12', NULL);
INSERT INTO sys_menu_role (id, role_id, menu_id, createdAt, updatedAt) VALUES (59, 1, 59, '2024-03-30 13:31:12', NULL);
INSERT INTO sys_menu_role (id, role_id, menu_id, createdAt, updatedAt) VALUES (60, 1, 60, '2024-03-30 13:31:12', NULL);
INSERT INTO sys_menu_role (id, role_id, menu_id, createdAt, updatedAt) VALUES (61, 1, 61, '2024-03-30 13:31:12', NULL);
INSERT INTO sys_menu_role (id, role_id, menu_id, createdAt, updatedAt) VALUES (62, 1, 62, '2024-03-30 13:31:12', NULL);
INSERT INTO sys_menu_role (id, role_id, menu_id, createdAt, updatedAt) VALUES (63, 1, 63, '2024-03-30 13:31:12', NULL);
INSERT INTO sys_menu_role (id, role_id, menu_id, createdAt, updatedAt) VALUES (64, 1, 64, '2024-03-30 13:31:12', NULL);
INSERT INTO sys_menu_role (id, role_id, menu_id, createdAt, updatedAt) VALUES (65, 1, 65, '2024-03-30 13:31:12', NULL);
INSERT INTO sys_menu_role (id, role_id, menu_id, createdAt, updatedAt) VALUES (66, 1, 66, '2024-03-30 13:31:12', NULL);
INSERT INTO sys_menu_role (id, role_id, menu_id, createdAt, updatedAt) VALUES (67, 1, 67, '2024-03-30 13:31:12', NULL);
INSERT INTO sys_menu_role (id, role_id, menu_id, createdAt, updatedAt) VALUES (68, 1, 68, '2024-03-30 13:31:12', NULL);
INSERT INTO sys_menu_role (id, role_id, menu_id, createdAt, updatedAt) VALUES (69, 1, 69, '2024-03-30 13:31:12', NULL);
INSERT INTO sys_menu_role (id, role_id, menu_id, createdAt, updatedAt) VALUES (70, 1, 70, '2024-03-30 13:31:12', NULL);
INSERT INTO sys_menu_role (id, role_id, menu_id, createdAt, updatedAt) VALUES (71, 1, 71, '2024-03-30 13:31:12', NULL);
INSERT INTO sys_menu_role (id, role_id, menu_id, createdAt, updatedAt) VALUES (72, 1, 72, '2024-03-30 13:31:12', NULL);
INSERT INTO sys_menu_role (id, role_id, menu_id, createdAt, updatedAt) VALUES (73, 1, 73, '2024-03-30 13:31:12', NULL);
INSERT INTO sys_menu_role (id, role_id, menu_id, createdAt, updatedAt) VALUES (74, 1, 74, '2024-03-30 13:31:12', NULL);
INSERT INTO sys_menu_role (id, role_id, menu_id, createdAt, updatedAt) VALUES (75, 1, 75, '2024-03-30 13:31:12', NULL);
INSERT INTO sys_menu_role (id, role_id, menu_id, createdAt, updatedAt) VALUES (76, 1, 76, '2024-03-30 13:31:12', NULL);
INSERT INTO sys_menu_role (id, role_id, menu_id, createdAt, updatedAt) VALUES (77, 1, 77, '2024-03-30 13:31:12', NULL);
INSERT INTO sys_menu_role (id, role_id, menu_id, createdAt, updatedAt) VALUES (78, 1, 78, '2024-03-30 13:31:12', NULL);
INSERT INTO sys_menu_role (id, role_id, menu_id, createdAt, updatedAt) VALUES (79, 1, 79, '2024-03-30 13:31:12', NULL);
INSERT INTO sys_menu_role (id, role_id, menu_id, createdAt, updatedAt) VALUES (80, 1, 80, '2024-03-30 13:31:12', NULL);
INSERT INTO sys_menu_role (id, role_id, menu_id, createdAt, updatedAt) VALUES (81, 1, 81, '2024-03-30 13:31:12', NULL);
INSERT INTO sys_menu_role (id, role_id, menu_id, createdAt, updatedAt) VALUES (82, 1, 82, '2024-03-30 13:31:12', NULL);
INSERT INTO sys_menu_role (id, role_id, menu_id, createdAt, updatedAt) VALUES (83, 1, 83, '2024-03-30 13:31:12', NULL);
INSERT INTO sys_menu_role (id, role_id, menu_id, createdAt, updatedAt) VALUES (84, 2, 1, '2024-03-30 13:31:12', NULL);
INSERT INTO sys_menu_role (id, role_id, menu_id, createdAt, updatedAt) VALUES (85, 2, 6, '2024-03-30 13:31:12', NULL);
INSERT INTO sys_menu_role (id, role_id, menu_id, createdAt, updatedAt) VALUES (86, 2, 7, '2024-03-30 13:31:12', NULL);
INSERT INTO sys_menu_role (id, role_id, menu_id, createdAt, updatedAt) VALUES (87, 3, 1, '2024-03-30 13:31:12', NULL);
INSERT INTO sys_menu_role (id, role_id, menu_id, createdAt, updatedAt) VALUES (88, 6, 6, '2024-03-30 13:31:12', NULL);
INSERT INTO sys_menu_role (id, role_id, menu_id, createdAt, updatedAt) VALUES (89, 3, 7, '2024-03-30 13:31:12', NULL);

-- 表：sys_role
INSERT INTO sys_role (id, name, value, description, remark, status, createdAt, updatedAt) VALUES (1, 'Super Admin', 'Super Admin', 'Super Admin Role', 'Super Remark for Admin Role', 0, '2024-03-30 13:31:12', NULL);
INSERT INTO sys_role (id, name, value, description, remark, status, createdAt, updatedAt) VALUES (2, 'Admin', 'Administrator role', 'Admin Role', 'Remark for Admin Role', 0, '2024-03-30 13:31:12', NULL);
INSERT INTO sys_role (id, name, value, description, remark, status, createdAt, updatedAt) VALUES (3, 'User', 'Regular user role', 'User Role', 'Remark for Regular Role', 1, '2024-03-30 13:31:12', NULL);

-- 表：sys_user
INSERT INTO sys_user (id, avatar, email, name, nickname, password, lang, theme, phone, remark, status, department_id, createdAt, updatedAt) VALUES (1, '', 'admin1@example.com', 'super admin', 'iy1', '49dc52e6bf2abe5ef6e2bb5b0f1ee2d765b922ae6cc8b95d39dc06c21c848f8c', 'en-US', 'dark', '1112223333', '超级管理员', 1, 1, '2024-03-30 13:31:12', NULL);
INSERT INTO sys_user (id, avatar, email, name, nickname, password, lang, theme, phone, remark, status, department_id, createdAt, updatedAt) VALUES (2, '', 'user2@example.com', 'admin', 'iy2', '49dc52e6bf2abe5ef6e2bb5b0f1ee2d765b922ae6cc8b95d39dc06c21c848f8c', 'en-US', 'light', '1112223333', '管理员', 0, 1, '2024-03-30 13:31:12', NULL);
INSERT INTO sys_user (id, avatar, email, name, nickname, password, lang, theme, phone, remark, status, department_id, createdAt, updatedAt) VALUES (3, '', 'admin3@example.com', 'user1', 'iy3', '49dc52e6bf2abe5ef6e2bb5b0f1ee2d765b922ae6cc8b95d39dc06c21c848f8c', 'en-US', 'dark', '1112223333', '超级管理员', 1, 1, '2024-03-30 13:31:12', NULL);
INSERT INTO sys_user (id, avatar, email, name, nickname, password, lang, theme, phone, remark, status, department_id, createdAt, updatedAt) VALUES (4, '', 'user4@example.com', 'user2', 'iy4', '49dc52e6bf2abe5ef6e2bb5b0f1ee2d765b922ae6cc8b95d39dc06c21c848f8c', 'en-US', 'light', '1112223333', '用户', 0, 1, '2024-03-30 13:31:12', NULL);
INSERT INTO sys_user (id, avatar, email, name, nickname, password, lang, theme, phone, remark, status, department_id, createdAt, updatedAt) VALUES (5, '', 'admin5@example.com', 'user3', 'iy5', '49dc52e6bf2abe5ef6e2bb5b0f1ee2d765b922ae6cc8b95d39dc06c21c848f8c', 'en-US', 'dark', '1112223333', '用户', 1, 1, '2024-03-30 13:31:12', NULL);
INSERT INTO sys_user (id, avatar, email, name, nickname, password, lang, theme, phone, remark, status, department_id, createdAt, updatedAt) VALUES (6, '', 'user6@example.com', 'user4', 'iy6', '49dc52e6bf2abe5ef6e2bb5b0f1ee2d765b922ae6cc8b95d39dc06c21c848f8c', 'en-US', 'light', '1112223333', '用户', 0, 1, '2024-03-30 13:31:12', NULL);
INSERT INTO sys_user (id, avatar, email, name, nickname, password, lang, theme, phone, remark, status, department_id, createdAt, updatedAt) VALUES (7, '', 'admin7@example.com', 'user5', 'iy7', '49dc52e6bf2abe5ef6e2bb5b0f1ee2d765b922ae6cc8b95d39dc06c21c848f8c', 'en-US', 'dark', '1112223333', '用户', 1, 1, '2024-03-30 13:31:12', NULL);
INSERT INTO sys_user (id, avatar, email, name, nickname, password, lang, theme, phone, remark, status, department_id, createdAt, updatedAt) VALUES (8, '', 'user8@example.com', 'user6', 'iy8', '49dc52e6bf2abe5ef6e2bb5b0f1ee2d765b922ae6cc8b95d39dc06c21c848f8c', 'en-US', 'light', '1112223333', '用户', 0, 1, '2024-03-30 13:31:12', NULL);
INSERT INTO sys_user (id, avatar, email, name, nickname, password, lang, theme, phone, remark, status, department_id, createdAt, updatedAt) VALUES (9, '', 'admin9@example.com', 'user7', 'iy9', '49dc52e6bf2abe5ef6e2bb5b0f1ee2d765b922ae6cc8b95d39dc06c21c848f8c', 'en-US', 'dark', '1112223333', '用户', 1, 1, '2024-03-30 13:31:12', NULL);
INSERT INTO sys_user (id, avatar, email, name, nickname, password, lang, theme, phone, remark, status, department_id, createdAt, updatedAt) VALUES (10, '', 'user10@example.com', 'user8', 'iy10', '49dc52e6bf2abe5ef6e2bb5b0f1ee2d765b922ae6cc8b95d39dc06c21c848f8c', 'en-US', 'light', '1112223333', '用户', 0, 1, '2024-03-30 13:31:12', NULL);
INSERT INTO sys_user (id, avatar, email, name, nickname, password, lang, theme, phone, remark, status, department_id, createdAt, updatedAt) VALUES (11, '', 'admin11@example.com', 'user9', 'iy11', '49dc52e6bf2abe5ef6e2bb5b0f1ee2d765b922ae6cc8b95d39dc06c21c848f8c', 'en-US', 'dark', '1112223333', '用户', 1, 1, '2024-03-30 13:31:12', NULL);
INSERT INTO sys_user (id, avatar, email, name, nickname, password, lang, theme, phone, remark, status, department_id, createdAt, updatedAt) VALUES (12, '', 'user12@example.com', 'user10', 'iy12', '49dc52e6bf2abe5ef6e2bb5b0f1ee2d765b922ae6cc8b95d39dc06c21c848f8c', 'en-US', 'light', '1112223333', '用户', 0, 1, '2024-03-30 13:31:12', NULL);
INSERT INTO sys_user (id, avatar, email, name, nickname, password, lang, theme, phone, remark, status, department_id, createdAt, updatedAt) VALUES (13, '', 'admin13@example.com', 'user11', 'iy13', '49dc52e6bf2abe5ef6e2bb5b0f1ee2d765b922ae6cc8b95d39dc06c21c848f8c', 'en-US', 'dark', '1112223333', '用户', 1, 1, '2024-03-30 13:31:12', NULL);
INSERT INTO sys_user (id, avatar, email, name, nickname, password, lang, theme, phone, remark, status, department_id, createdAt, updatedAt) VALUES (14, '', 'user14@example.com', 'user12', 'iy14', '49dc52e6bf2abe5ef6e2bb5b0f1ee2d765b922ae6cc8b95d39dc06c21c848f8c', 'en-US', 'light', '1112223333', '用户', 0, 1, '2024-03-30 13:31:12', NULL);
INSERT INTO sys_user (id, avatar, email, name, nickname, password, lang, theme, phone, remark, status, department_id, createdAt, updatedAt) VALUES (15, '', 'admin15@example.com', 'user13', 'iy15', '49dc52e6bf2abe5ef6e2bb5b0f1ee2d765b922ae6cc8b95d39dc06c21c848f8c', 'en-US', 'dark', '1112223333', '用户', 1, 1, '2024-03-30 13:31:12', NULL);
INSERT INTO sys_user (id, avatar, email, name, nickname, password, lang, theme, phone, remark, status, department_id, createdAt, updatedAt) VALUES (16, '', 'user16@example.com', 'user14', 'iy16', '49dc52e6bf2abe5ef6e2bb5b0f1ee2d765b922ae6cc8b95d39dc06c21c848f8c', 'zh-CN', 'light', '1112223333', '用户', 0, 1, '2024-03-30 13:31:12', NULL);

-- 表：sys_user_role
INSERT INTO sys_user_role (id, user_id, role_id, createdAt, updatedAt) VALUES (1, 1, 1, '2024-03-30 13:31:12', NULL);
INSERT INTO sys_user_role (id, user_id, role_id, createdAt, updatedAt) VALUES (2, 2, 2, '2024-03-30 13:31:12', NULL);
